label,discount_flat,code,expires_at
Qi10,15000,Qi10SL92095,2026-06-10 0:00
Qi10,15000,Qi10GZ10186,2026-06-10 0:00
Qi10,15000,Qi10YX74051,2026-06-10 0:00
Qi10,15000,Qi10MO31372,2026-06-10 0:00
Qi10,15000,Qi10MC88466,2026-06-10 0:00
Qi10,15000,Qi10TK88997,2026-06-10 0:00
Qi10,15000,Qi10LS78785,2026-06-10 0:00
Qi10,15000,Qi10JS96472,2026-06-10 0:00
Qi10,15000,Qi10ON16443,2026-06-10 0:00
Qi10,15000,Qi10LR25664,2026-06-10 0:00
Qi10,15000,Qi10UX53368,2026-06-10 0:00
Qi10,15000,Qi10UO98908,2026-06-10 0:00
Qi10,15000,Qi10OE25667,2026-06-10 0:00
Qi10,15000,Qi10ZP22686,2026-06-10 0:00
Qi10,15000,Qi10MK47445,2026-06-10 0:00
Qi10,15000,Qi10XH73555,2026-06-10 0:00
Qi10,15000,Qi10IH67306,2026-06-10 0:00
Qi10,15000,Qi10PT20974,2026-06-10 0:00
Qi10,15000,Qi10DE97521,2026-06-10 0:00
Qi10,15000,Qi10EV73734,2026-06-10 0:00
Qi10,15000,Qi10JE17996,2026-06-10 0:00
Qi10,15000,Qi10EW61893,2026-06-10 0:00
Qi10,15000,Qi10OK76429,2026-06-10 0:00
Qi10,15000,Qi10TX46295,2026-06-10 0:00
Qi10,15000,Qi10FN38663,2026-06-10 0:00
Qi10,15000,Qi10VR7560,2026-06-10 0:00
Qi10,15000,Qi10UT43232,2026-06-10 0:00
Qi10,15000,Qi10HH52487,2026-06-10 0:00
Qi10,15000,Qi10PZ32015,2026-06-10 0:00
Qi10,15000,Qi10WL42425,2026-06-10 0:00
Qi10,15000,Qi10HD69184,2026-06-10 0:00
Qi10,15000,Qi10JS92961,2026-06-10 0:00
Qi10,15000,Qi10BJ29425,2026-06-10 0:00
Qi10,15000,Qi10IM90133,2026-06-10 0:00
Qi10,15000,Qi10WF53460,2026-06-10 0:00
Qi10,15000,Qi10PV70625,2026-06-10 0:00
Qi10,15000,Qi10RE48333,2026-06-10 0:00
Qi10,15000,Qi10IY73986,2026-06-10 0:00
Qi10,15000,Qi10RO45557,2026-06-10 0:00
Qi10,15000,Qi10FF30316,2026-06-10 0:00
Qi10,15000,Qi10UL82357,2026-06-10 0:00
Qi10,15000,Qi10PM1053,2026-06-10 0:00
Qi10,15000,Qi10QQ54776,2026-06-10 0:00
Qi10,15000,Qi10AB208,2026-06-10 0:00
Qi10,15000,Qi10SK26957,2026-06-10 0:00
Qi10,15000,Qi10NH78575,2026-06-10 0:00
Qi10,15000,Qi10QZ46901,2026-06-10 0:00
Qi10,15000,Qi10RR95127,2026-06-10 0:00
Qi10,15000,Qi10QQ38720,2026-06-10 0:00
Qi10,15000,Qi10UR99862,2026-06-10 0:00
Qi10,15000,Qi10ZY19459,2026-06-10 0:00
Qi10,15000,Qi10XV73490,2026-06-10 0:00
Qi10,15000,Qi10UK96364,2026-06-10 0:00
Qi10,15000,Qi10SK95731,2026-06-10 0:00
Qi10,15000,Qi10DZ48825,2026-06-10 0:00
Qi10,15000,Qi10SJ53041,2026-06-10 0:00
Qi10,15000,Qi10HY53484,2026-06-10 0:00
Qi10,15000,Qi10XN12902,2026-06-10 0:00
Qi10,15000,Qi10UY75102,2026-06-10 0:00
Qi10,15000,Qi10UM34216,2026-06-10 0:00
Qi10,15000,Qi10OD23306,2026-06-10 0:00
Qi10,15000,Qi10KO33011,2026-06-10 0:00
Qi10,15000,Qi10SP31956,2026-06-10 0:00
Qi10,15000,Qi10QR35753,2026-06-10 0:00
Qi10,15000,Qi10IZ86219,2026-06-10 0:00
Qi10,15000,Qi10KK50286,2026-06-10 0:00
Qi10,15000,Qi10IK82608,2026-06-10 0:00
Qi10,15000,Qi10RO54693,2026-06-10 0:00
Qi10,15000,Qi10WF13508,2026-06-10 0:00
Qi10,15000,Qi10ZA10481,2026-06-10 0:00
Qi10,15000,Qi10QO49623,2026-06-10 0:00
Qi10,15000,Qi10QS65396,2026-06-10 0:00
Qi10,15000,Qi10HQ25533,2026-06-10 0:00
Qi10,15000,Qi10MX16077,2026-06-10 0:00
Qi10,15000,Qi10BM44023,2026-06-10 0:00
Qi10,15000,Qi10WI93134,2026-06-10 0:00
Qi10,15000,Qi10YY47569,2026-06-10 0:00
Qi10,15000,Qi10AK61695,2026-06-10 0:00
Qi10,15000,Qi10QL15939,2026-06-10 0:00
Qi10,15000,Qi10HS28130,2026-06-10 0:00
Qi10,15000,Qi10OX53570,2026-06-10 0:00
Qi10,15000,Qi10QL51369,2026-06-10 0:00
Qi10,15000,Qi10NG14403,2026-06-10 0:00
Qi10,15000,Qi10BK75756,2026-06-10 0:00
Qi10,15000,Qi10XN44788,2026-06-10 0:00
Qi10,15000,Qi10BG61094,2026-06-10 0:00
Qi10,15000,Qi10UB26740,2026-06-10 0:00
Qi10,15000,Qi10HM19511,2026-06-10 0:00
Qi10,15000,Qi10UI25245,2026-06-10 0:00
Qi10,15000,Qi10MW30809,2026-06-10 0:00
Qi10,15000,Qi10DF81695,2026-06-10 0:00
Qi10,15000,Qi10NG67102,2026-06-10 0:00
Qi10,15000,Qi10JG99696,2026-06-10 0:00
Qi10,15000,Qi10NE94078,2026-06-10 0:00
Qi10,15000,Qi10OQ79053,2026-06-10 0:00
Qi10,15000,Qi10JH46386,2026-06-10 0:00
Qi10,15000,Qi10EO4066,2026-06-10 0:00
Qi10,15000,Qi10XJ85018,2026-06-10 0:00
Qi10,15000,Qi10ZL22361,2026-06-10 0:00
Qi10,15000,Qi10ZI75313,2026-06-10 0:00
Qi10,15000,Qi10PF91476,2026-06-10 0:00
Qi10,15000,Qi10ML30944,2026-06-10 0:00
Qi10,15000,Qi10FA1761,2026-06-10 0:00
Qi10,15000,Qi10CI92568,2026-06-10 0:00
Qi10,15000,Qi10LW35272,2026-06-10 0:00
Qi10,15000,Qi10JP64505,2026-06-10 0:00
Qi10,15000,Qi10YO94312,2026-06-10 0:00
Qi10,15000,Qi10VN69883,2026-06-10 0:00
Qi10,15000,Qi10KQ76957,2026-06-10 0:00
Qi10,15000,Qi10KZ73458,2026-06-10 0:00
Qi10,15000,Qi10MU3577,2026-06-10 0:00
Qi10,15000,Qi10VV11818,2026-06-10 0:00
Qi10,15000,Qi10ST22987,2026-06-10 0:00
Qi10,15000,Qi10NU63547,2026-06-10 0:00
Qi10,15000,Qi10LK20409,2026-06-10 0:00
Qi10,15000,Qi10AS63183,2026-06-10 0:00
Qi10,15000,Qi10SR25346,2026-06-10 0:00
Qi10,15000,Qi10MD18888,2026-06-10 0:00
Qi10,15000,Qi10YD77734,2026-06-10 0:00
Qi10,15000,Qi10TF23979,2026-06-10 0:00
Qi10,15000,Qi10XD82079,2026-06-10 0:00
Qi10,15000,Qi10RX87034,2026-06-10 0:00
Qi10,15000,Qi10LF2538,2026-06-10 0:00
Qi10,15000,Qi10BR59715,2026-06-10 0:00
Qi10,15000,Qi10LF93987,2026-06-10 0:00
Qi10,15000,Qi10CG59666,2026-06-10 0:00
Qi10,15000,Qi10QB32834,2026-06-10 0:00
Qi10,15000,Qi10KJ87565,2026-06-10 0:00
Qi10,15000,Qi10XU2587,2026-06-10 0:00
Qi10,15000,Qi10HV90416,2026-06-10 0:00
Qi10,15000,Qi10OZ98361,2026-06-10 0:00
Qi10,15000,Qi10IX42645,2026-06-10 0:00
Qi10,15000,Qi10DU19375,2026-06-10 0:00
Qi10,15000,Qi10BI22448,2026-06-10 0:00
Qi10,15000,Qi10LZ54909,2026-06-10 0:00
Qi10,15000,Qi10VO81290,2026-06-10 0:00
Qi10,15000,Qi10BI54503,2026-06-10 0:00
Qi10,15000,Qi10MW22810,2026-06-10 0:00
Qi10,15000,Qi10WF97637,2026-06-10 0:00
Qi10,15000,Qi10QG8037,2026-06-10 0:00
Qi10,15000,Qi10SY39765,2026-06-10 0:00
Qi10,15000,Qi10YG53117,2026-06-10 0:00
Qi10,15000,Qi10CA11227,2026-06-10 0:00
Qi10,15000,Qi10AF5044,2026-06-10 0:00
Qi10,15000,Qi10TI92965,2026-06-10 0:00
Qi10,15000,Qi10BI82591,2026-06-10 0:00
Qi10,15000,Qi10WT14768,2026-06-10 0:00
Qi10,15000,Qi10US39096,2026-06-10 0:00
Qi10,15000,Qi10PT36552,2026-06-10 0:00
Qi10,15000,Qi10KT18542,2026-06-10 0:00
Qi10,15000,Qi10FG93424,2026-06-10 0:00
Qi10,15000,Qi10XJ18837,2026-06-10 0:00
Qi10,15000,Qi10YV20400,2026-06-10 0:00
Qi10,15000,Qi10JC12539,2026-06-10 0:00
Qi10,15000,Qi10PL45616,2026-06-10 0:00
Qi10,15000,Qi10UH78792,2026-06-10 0:00
Qi10,15000,Qi10VX84749,2026-06-10 0:00
Qi10,15000,Qi10PV89487,2026-06-10 0:00
Qi10,15000,Qi10ES77655,2026-06-10 0:00
Qi10,15000,Qi10CV31578,2026-06-10 0:00
Qi10,15000,Qi10XA72536,2026-06-10 0:00
Qi10,15000,Qi10SS98798,2026-06-10 0:00
Qi10,15000,Qi10OU36974,2026-06-10 0:00
Qi10,15000,Qi10DV35913,2026-06-10 0:00
Qi10,15000,Qi10XN41641,2026-06-10 0:00
Qi10,15000,Qi10YM17274,2026-06-10 0:00
Qi10,15000,Qi10GB58632,2026-06-10 0:00
Qi10,15000,Qi10XH91310,2026-06-10 0:00
Qi10,15000,Qi10CJ80511,2026-06-10 0:00
Qi10,15000,Qi10JP63311,2026-06-10 0:00
Qi10,15000,Qi10HR49945,2026-06-10 0:00
Qi10,15000,Qi10RG30523,2026-06-10 0:00
Qi10,15000,Qi10OL64823,2026-06-10 0:00
Qi10,15000,Qi10TW48410,2026-06-10 0:00
Qi10,15000,Qi10QX74028,2026-06-10 0:00
Qi10,15000,Qi10PW16237,2026-06-10 0:00
Qi10,15000,Qi10RM7976,2026-06-10 0:00
Qi10,15000,Qi10TL49675,2026-06-10 0:00
Qi10,15000,Qi10OS2517,2026-06-10 0:00
Qi10,15000,Qi10MH64643,2026-06-10 0:00
Qi10,15000,Qi10EY52832,2026-06-10 0:00
Qi10,15000,Qi10EH44908,2026-06-10 0:00
Qi10,15000,Qi10ES65426,2026-06-10 0:00
Qi10,15000,Qi10LA96684,2026-06-10 0:00
Qi10,15000,Qi10VN53107,2026-06-10 0:00
Qi10,15000,Qi10JM40745,2026-06-10 0:00
Qi10,15000,Qi10MR35730,2026-06-10 0:00
Qi10,15000,Qi10OZ34983,2026-06-10 0:00
Qi10,15000,Qi10DF11134,2026-06-10 0:00
Qi10,15000,Qi10JM70089,2026-06-10 0:00
Qi10,15000,Qi10BO61899,2026-06-10 0:00
Qi10,15000,Qi10TV64616,2026-06-10 0:00
Qi10,15000,Qi10PV32168,2026-06-10 0:00
Qi10,15000,Qi10DV71863,2026-06-10 0:00
Qi10,15000,Qi10XL7020,2026-06-10 0:00
Qi10,15000,Qi10LG54890,2026-06-10 0:00
Qi10,15000,Qi10BV387,2026-06-10 0:00
Qi10,15000,Qi10WA61358,2026-06-10 0:00
Qi10,15000,Qi10VV157,2026-06-10 0:00
Qi10,15000,Qi10IX26924,2026-06-10 0:00
Qi10,30000,Qi10RA92453,2026-06-10 0:00
Qi10,30000,Qi10KP26764,2026-06-10 0:00
Qi10,30000,Qi10BX39587,2026-06-10 0:00
Qi10,30000,Qi10CK41238,2026-06-10 0:00
Qi10,30000,Qi10ZU50466,2026-06-10 0:00
Qi10,30000,Qi10SZ88185,2026-06-10 0:00
Qi10,30000,Qi10SZ1595,2026-06-10 0:00
Qi10,30000,Qi10AE82078,2026-06-10 0:00
Qi10,30000,Qi10JA18795,2026-06-10 0:00
Qi10,30000,Qi10JP98943,2026-06-10 0:00
Qi10,30000,Qi10SU78332,2026-06-10 0:00
Qi10,30000,Qi10OV57953,2026-06-10 0:00
Qi10,30000,Qi10ZB42551,2026-06-10 0:00
Qi10,30000,Qi10KO39845,2026-06-10 0:00
Qi10,30000,Qi10AW42651,2026-06-10 0:00
Qi10,30000,Qi10OV34817,2026-06-10 0:00
Qi10,30000,Qi10SP46027,2026-06-10 0:00
Qi10,30000,Qi10ST73267,2026-06-10 0:00
Qi10,30000,Qi10YG17587,2026-06-10 0:00
Qi10,30000,Qi10PK58015,2026-06-10 0:00
Qi10,30000,Qi10GL93720,2026-06-10 0:00
Qi10,30000,Qi10SZ15797,2026-06-10 0:00
Qi10,30000,Qi10RU90424,2026-06-10 0:00
Qi10,30000,Qi10QM47478,2026-06-10 0:00
Qi10,30000,Qi10NR24322,2026-06-10 0:00
Qi10,30000,Qi10US79781,2026-06-10 0:00
Qi10,30000,Qi10DK63320,2026-06-10 0:00
Qi10,30000,Qi10DC49592,2026-06-10 0:00
Qi10,30000,Qi10BF5292,2026-06-10 0:00
Qi10,30000,Qi10IP83393,2026-06-10 0:00
Qi10,30000,Qi10EO18528,2026-06-10 0:00
Qi10,30000,Qi10AO49097,2026-06-10 0:00
Qi10,30000,Qi10XA58539,2026-06-10 0:00
Qi10,30000,Qi10FD81424,2026-06-10 0:00
Qi10,30000,Qi10WC2202,2026-06-10 0:00
Qi10,30000,Qi10HY98895,2026-06-10 0:00
Qi10,30000,Qi10DJ36949,2026-06-10 0:00
Qi10,30000,Qi10FP50261,2026-06-10 0:00
Qi10,30000,Qi10KW33205,2026-06-10 0:00
Qi10,30000,Qi10ET2663,2026-06-10 0:00
Qi10,30000,Qi10WF5246,2026-06-10 0:00
Qi10,30000,Qi10PK86376,2026-06-10 0:00
Qi10,30000,Qi10IM64574,2026-06-10 0:00
Qi10,30000,Qi10QY22773,2026-06-10 0:00
Qi10,30000,Qi10GW9306,2026-06-10 0:00
Qi10,30000,Qi10QJ89135,2026-06-10 0:00
Qi10,30000,Qi10PX54194,2026-06-10 0:00
Qi10,30000,Qi10CP89269,2026-06-10 0:00
Qi10,30000,Qi10ML90466,2026-06-10 0:00
Qi10,30000,Qi10FJ13818,2026-06-10 0:00
Qi10,30000,Qi10IM55499,2026-06-10 0:00
Qi10,30000,Qi10TA6893,2026-06-10 0:00
Qi10,30000,Qi10RI22992,2026-06-10 0:00
Qi10,30000,Qi10QR17266,2026-06-10 0:00
Qi10,30000,Qi10JD50772,2026-06-10 0:00
Qi10,50000,Qi10FG75253,2026-06-10 0:00
Qi10,50000,Qi10SJ890,2026-06-10 0:00
Qi10,50000,Qi10WH61256,2026-06-10 0:00
Qi10,50000,Qi10FK66007,2026-06-10 0:00
Qi10,50000,Qi10VX80235,2026-06-10 0:00
Qi10,50000,Qi10OM99636,2026-06-10 0:00
Qi10,50000,Qi10GJ35136,2026-06-10 0:00
Qi10,50000,Qi10OE41702,2026-06-10 0:00
Qi10,50000,Qi10HV89251,2026-06-10 0:00
Qi10,50000,Qi10KE23190,2026-06-10 0:00
Qi10,50000,Qi10NH88708,2026-06-10 0:00
Qi10,50000,Qi10DR84481,2026-06-10 0:00
Qi10,50000,Qi10HB16080,2026-06-10 0:00
Qi10,50000,Qi10SZ52493,2026-06-10 0:00
Qi10,50000,Qi10KK50618,2026-06-10 0:00
Qi10,50000,Qi10NR61339,2026-06-10 0:00
Qi10,50000,Qi10YU38602,2026-06-10 0:00
Qi10,50000,Qi10ZM98912,2026-06-10 0:00
Qi10,50000,Qi10RZ95040,2026-06-10 0:00
Qi10,50000,Qi10KH55692,2026-06-10 0:00
Qi10,50000,Qi10ZB71710,2026-06-10 0:00
Qi10,50000,Qi10IP66001,2026-06-10 0:00
Qi10,50000,Qi10HW17543,2026-06-10 0:00
Qi10,50000,Qi10OP94306,2026-06-10 0:00
Qi10,50000,Qi10NX73388,2026-06-10 0:00
Qi10,50000,Qi10RL57429,2026-06-10 0:00
Qi10,50000,Qi10CT28984,2026-06-10 0:00
Qi10,50000,Qi10BY46485,2026-06-10 0:00
Qi10,50000,Qi10UV93139,2026-06-10 0:00
Qi10,50000,Qi10GT57652,2026-06-10 0:00
Qi10,50000,Qi10CI90112,2026-06-10 0:00
Qi10,50000,Qi10VD48402,2026-06-10 0:00
Qi10,50000,Qi10VZ32146,2026-06-10 0:00
Qi10,50000,Qi10CK43587,2026-06-10 0:00
Qi10,50000,Qi10NF72531,2026-06-10 0:00
Qi10,50000,Qi10HZ48576,2026-06-10 0:00
Qi10,50000,Qi10WF4131,2026-06-10 0:00
Qi10,50000,Qi10PA94192,2026-06-10 0:00
Qi10,50000,Qi10QO52240,2026-06-10 0:00
Qi10,50000,Qi10TU96344,2026-06-10 0:00
Qi10,50000,Qi10YO42014,2026-06-10 0:00
Qi10,50000,Qi10VG36702,2026-06-10 0:00
Qi10,50000,Qi10NA26928,2026-06-10 0:00
Qi10,50000,Qi10YX68911,2026-06-10 0:00
Qi10,50000,Qi10UX7752,2026-06-10 0:00
Qi10,50000,Qi10HX15354,2026-06-10 0:00
Qi10,50000,Qi10ZP12684,2026-06-10 0:00
Qi10,50000,Qi10GM87897,2026-06-10 0:00
Qi10,50000,Qi10TB66378,2026-06-10 0:00
Qi10,50000,Qi10MU53980,2026-06-10 0:00
Qi10,50000,Qi10RK28851,2026-06-10 0:00
Qi10,50000,Qi10HC72032,2026-06-10 0:00
Qi10,50000,Qi10JO74346,2026-06-10 0:00
Qi10,50000,Qi10AW98004,2026-06-10 0:00
Qi10,50000,Qi10AI12029,2026-06-10 0:00
Qi10,50000,Qi10OH14644,2026-06-10 0:00
Qi10,50000,Qi10BM25462,2026-06-10 0:00
Qi10,50000,Qi10TY90434,2026-06-10 0:00
Qi10,50000,Qi10AD76419,2026-06-10 0:00
Qi10,50000,Qi10ZE519,2026-06-10 0:00
Qi10,50000,Qi10SV80335,2026-06-10 0:00
Qi10,50000,Qi10RM4183,2026-06-10 0:00
Qi10,50000,Qi10SA63389,2026-06-10 0:00
Qi10,50000,Qi10SW91994,2026-06-10 0:00
Qi10,50000,Qi10YU61393,2026-06-10 0:00
Qi10,50000,Qi10BP50297,2026-06-10 0:00
Qi10,50000,Qi10QK79193,2026-06-10 0:00
Qi10,50000,Qi10AA25867,2026-06-10 0:00
Qi10,50000,Qi10LV51702,2026-06-10 0:00
Qi10,50000,Qi10FF84557,2026-06-10 0:00
Qi10,50000,Qi10UE56844,2026-06-10 0:00
Qi10,50000,Qi10RN51460,2026-06-10 0:00
Qi10,50000,Qi10AW11948,2026-06-10 0:00
Qi10,50000,Qi10CZ54860,2026-06-10 0:00
Qi10,50000,Qi10MM42434,2026-06-10 0:00
Qi10,50000,Qi10VS84079,2026-06-10 0:00
Qi10,50000,Qi10UF41607,2026-06-10 0:00
Qi10,50000,Qi10YC53145,2026-06-10 0:00
Qi10,50000,Qi10MT4903,2026-06-10 0:00
Qi10,50000,Qi10RD85533,2026-06-10 0:00
Qi10,50000,Qi10EQ85172,2026-06-10 0:00
Qi10,50000,Qi10OO2732,2026-06-10 0:00
Qi10,50000,Qi10KM46965,2026-06-10 0:00
Qi10,50000,Qi10YP325,2026-06-10 0:00
Qi10,50000,Qi10EQ46831,2026-06-10 0:00
Qi10,50000,Qi10TK38429,2026-06-10 0:00
Qi10,50000,Qi10FM79726,2026-06-10 0:00
Qi10,50000,Qi10WS37322,2026-06-10 0:00
Qi10,50000,Qi10AO24399,2026-06-10 0:00
Qi10,50000,Qi10BD62038,2026-06-10 0:00
Qi10,50000,Qi10DJ47657,2026-06-10 0:00
Qi10,50000,Qi10NH51116,2026-06-10 0:00
Qi10,50000,Qi10EF86095,2026-06-10 0:00
Qi10,50000,Qi10QV87179,2026-06-10 0:00
Qi10,50000,Qi10YD54467,2026-06-10 0:00
Qi10,50000,Qi10HE48975,2026-06-10 0:00
Qi10,50000,Qi10LR3218,2026-06-10 0:00
Qi10,50000,Qi10AB88829,2026-06-10 0:00
Qi10,50000,Qi10RE54401,2026-06-10 0:00
Qi10,50000,Qi10KA14877,2026-06-10 0:00
Qi10,50000,Qi10SS10941,2026-06-10 0:00
Qi10,50000,Qi10PB4350,2026-06-10 0:00
Qi10,50000,Qi10IA72562,2026-06-10 0:00
Qi10,50000,Qi10PT58461,2026-06-10 0:00
Qi10,50000,Qi10SW43143,2026-06-10 0:00
Qi10,50000,Qi10CH34311,2026-06-10 0:00
Qi10,50000,Qi10PI95591,2026-06-10 0:00
Qi10,50000,Qi10DX21398,2026-06-10 0:00
Qi10,50000,Qi10QQ79504,2026-06-10 0:00
Qi10,50000,Qi10SA87574,2026-06-10 0:00
Qi10,50000,Qi10JF11580,2026-06-10 0:00
Qi10,50000,Qi10JI45072,2026-06-10 0:00
Qi10,50000,Qi10IQ5656,2026-06-10 0:00
Qi10,50000,Qi10DI90623,2026-06-10 0:00
Qi10,50000,Qi10VE11368,2026-06-10 0:00
Qi10,50000,Qi10HT17022,2026-06-10 0:00
Qi10,50000,Qi10GR28693,2026-06-10 0:00
Qi10,50000,Qi10WK62716,2026-06-10 0:00
Qi10,50000,Qi10UH83747,2026-06-10 0:00
Qi10,50000,Qi10ZW46788,2026-06-10 0:00
Qi10,50000,Qi10DS16129,2026-06-10 0:00
Qi10,50000,Qi10SV48891,2026-06-10 0:00
Qi10,50000,Qi10HE50414,2026-06-10 0:00
Qi10,50000,Qi10UA61429,2026-06-10 0:00
Qi10,50000,Qi10SE975,2026-06-10 0:00
Qi10,50000,Qi10FQ41612,2026-06-10 0:00
Qi10,50000,Qi10IA60914,2026-06-10 0:00
Qi10,50000,Qi10GN82117,2026-06-10 0:00
Qi10,50000,Qi10EL64116,2026-06-10 0:00
Qi10,50000,Qi10XQ57040,2026-06-10 0:00
Qi10,50000,Qi10NA38242,2026-06-10 0:00
Qi10,50000,Qi10UP71679,2026-06-10 0:00
Qi10,50000,Qi10BL64109,2026-06-10 0:00
Qi10,50000,Qi10NY12277,2026-06-10 0:00
Qi10,50000,Qi10WK71267,2026-06-10 0:00
Qi10,50000,Qi10WK66390,2026-06-10 0:00
Qi10,50000,Qi10SP37169,2026-06-10 0:00
Qi10,50000,Qi10ZV33889,2026-06-10 0:00
Qi10,50000,Qi10OW12166,2026-06-10 0:00
Qi10,50000,Qi10HL83977,2026-06-10 0:00
Qi10,50000,Qi10QE43217,2026-06-10 0:00
Qi10,50000,Qi10ZU55684,2026-06-10 0:00
Qi10,50000,Qi10UC42575,2026-06-10 0:00
Qi10,50000,Qi10DM44293,2026-06-10 0:00
Qi10,50000,Qi10NH54638,2026-06-10 0:00
Qi10,50000,Qi10GX48647,2026-06-10 0:00
Qi10,50000,Qi10PD13414,2026-06-10 0:00
Qi10,50000,Qi10FW45776,2026-06-10 0:00
Qi10,50000,Qi10BP66315,2026-06-10 0:00
Qi10,50000,Qi10RS62895,2026-06-10 0:00
Qi10,50000,Qi10HB75532,2026-06-10 0:00
Qi10,50000,Qi10LT92706,2026-06-10 0:00
Qi10,50000,Qi10XF82725,2026-06-10 0:00
Qi10,50000,Qi10KI77027,2026-06-10 0:00
Qi10,50000,Qi10QU78590,2026-06-10 0:00
Qi10,50000,Qi10NR40930,2026-06-10 0:00
Qi10,50000,Qi10PE86639,2026-06-10 0:00
Qi10,50000,Qi10RJ20284,2026-06-10 0:00
Qi10,50000,Qi10XS87349,2026-06-10 0:00
Qi10,50000,Qi10UT31465,2026-06-10 0:00
Qi10,50000,Qi10JT35398,2026-06-10 0:00
Qi10,50000,Qi10TE32096,2026-06-10 0:00
Qi10,50000,Qi10XA84534,2026-06-10 0:00
Qi10,50000,Qi10CE29368,2026-06-10 0:00
Qi10,50000,Qi10DU28877,2026-06-10 0:00
Qi10,50000,Qi10JU90792,2026-06-10 0:00
Qi10,50000,Qi10UW84611,2026-06-10 0:00
Qi10,50000,Qi10UN48214,2026-06-10 0:00
Qi10,50000,Qi10OM3654,2026-06-10 0:00
Qi10,50000,Qi10JU38976,2026-06-10 0:00
Qi10,50000,Qi10KL69986,2026-06-10 0:00
Qi10,50000,Qi10GE8561,2026-06-10 0:00
Qi10,50000,Qi10ZO44314,2026-06-10 0:00
Qi10,50000,Qi10KI85800,2026-06-10 0:00
Qi10,50000,Qi10VB8941,2026-06-10 0:00
Qi10,50000,Qi10RW77995,2026-06-10 0:00
Qi10,50000,Qi10QR83995,2026-06-10 0:00
Qi10,50000,Qi10QW83849,2026-06-10 0:00
Qi10,50000,Qi10RP37679,2026-06-10 0:00
Qi10,50000,Qi10KP50171,2026-06-10 0:00
Qi10,50000,Qi10XB18703,2026-06-10 0:00
Qi10,50000,Qi10WG45925,2026-06-10 0:00
Qi10,50000,Qi10SN8436,2026-06-10 0:00
Qi10,50000,Qi10IV45924,2026-06-10 0:00
Qi10,50000,Qi10MF13981,2026-06-10 0:00
Qi10,50000,Qi10BG30170,2026-06-10 0:00
Qi10,50000,Qi10VQ47926,2026-06-10 0:00
Qi10,50000,Qi10KH19855,2026-06-10 0:00
Qi10,50000,Qi10NZ33601,2026-06-10 0:00
Qi10,50000,Qi10HJ75152,2026-06-10 0:00
Qi10,50000,Qi10SF6716,2026-06-10 0:00
Qi10,50000,Qi10KJ45171,2026-06-10 0:00
Qi10,50000,Qi10QX30753,2026-06-10 0:00
Qi10,50000,Qi10RV6086,2026-06-10 0:00
Qi10,50000,Qi10JG29869,2026-06-10 0:00
Qi10,50000,Qi10JB36377,2026-06-10 0:00
Qi10,50000,Qi10YC75637,2026-06-10 0:00
Qi10,50000,Qi10VA94587,2026-06-10 0:00
Qi10,50000,Qi10KC88695,2026-06-10 0:00
Qi10,50000,Qi10MI41852,2026-06-10 0:00
Qi10,50000,Qi10BE98834,2026-06-10 0:00
Qi10,50000,Qi10RO21539,2026-06-10 0:00
Qi10,50000,Qi10DQ79400,2026-06-10 0:00
Qi10,50000,Qi10VM55515,2026-06-10 0:00
Qi10,50000,Qi10ZE28299,2026-06-10 0:00
Qi10,50000,Qi10ON18243,2026-06-10 0:00
Qi10,50000,Qi10JW22595,2026-06-10 0:00
Qi10,50000,Qi10LI99415,2026-06-10 0:00
Qi10,50000,Qi10PG38419,2026-06-10 0:00
Qi10,50000,Qi10IQ66678,2026-06-10 0:00
Qi10,50000,Qi10UF61069,2026-06-10 0:00
Qi10,50000,Qi10WN9390,2026-06-10 0:00
Qi10,50000,Qi10ZH95325,2026-06-10 0:00
Qi10,50000,Qi10EI74515,2026-06-10 0:00
Qi10,50000,Qi10GL37431,2026-06-10 0:00
Qi10,50000,Qi10FS22214,2026-06-10 0:00
Qi10,50000,Qi10XK66588,2026-06-10 0:00
Qi10,50000,Qi10YR9684,2026-06-10 0:00
Qi10,50000,Qi10GD5765,2026-06-10 0:00
Qi10,50000,Qi10OY96874,2026-06-10 0:00
Qi10,50000,Qi10YU21066,2026-06-10 0:00
Qi10,50000,Qi10TH93545,2026-06-10 0:00
Qi10,50000,Qi10PF83335,2026-06-10 0:00
Qi10,50000,Qi10PX91221,2026-06-10 0:00
Qi10,50000,Qi10VE3666,2026-06-10 0:00
Qi10,50000,Qi10YU71992,2026-06-10 0:00
Qi10,50000,Qi10ZC54257,2026-06-10 0:00
Qi10,50000,Qi10WP5768,2026-06-10 0:00
Qi10,50000,Qi10NJ61103,2026-06-10 0:00
Qi10,50000,Qi10HL12940,2026-06-10 0:00
Qi10,50000,Qi10KS5266,2026-06-10 0:00
Qi10,50000,Qi10YB6882,2026-06-10 0:00
Qi10,50000,Qi10NN23272,2026-06-10 0:00
Qi10,50000,Qi10TK97994,2026-06-10 0:00
Qi10,50000,Qi10SV63993,2026-06-10 0:00
Qi10,50000,Qi10TV84542,2026-06-10 0:00
Qi10,50000,Qi10TG17941,2026-06-10 0:00
Qi10,50000,Qi10ZA96509,2026-06-10 0:00
Qi10,50000,Qi10MG37557,2026-06-10 0:00
Qi10,50000,Qi10NC47397,2026-06-10 0:00
Qi10,50000,Qi10EP66824,2026-06-10 0:00
Qi10,50000,Qi10PL4244,2026-06-10 0:00
Qi10,50000,Qi10GJ4847,2026-06-10 0:00
Qi10,50000,Qi10UE251,2026-06-10 0:00
Qi10,50000,Qi10PI83058,2026-06-10 0:00
Qi10,50000,Qi10LP38393,2026-06-10 0:00
Qi10,50000,Qi10TM51133,2026-06-10 0:00
Qi10,50000,Qi10EJ16975,2026-06-10 0:00
Qi10,50000,Qi10RV46179,2026-06-10 0:00
Qi10,50000,Qi10UJ79834,2026-06-10 0:00
Qi10,50000,Qi10DM33817,2026-06-10 0:00
Qi10,50000,Qi10IU33954,2026-06-10 0:00
Qi10,50000,Qi10BE88871,2026-06-10 0:00
Qi10,50000,Qi10OV27114,2026-06-10 0:00
Qi10,50000,Qi10HY1041,2026-06-10 0:00
Qi10,50000,Qi10ZI87931,2026-06-10 0:00
Qi10,50000,Qi10NG86295,2026-06-10 0:00
Qi10,50000,Qi10QR6956,2026-06-10 0:00
Qi10,50000,Qi10MS66978,2026-06-10 0:00
Qi10,50000,Qi10IC90701,2026-06-10 0:00
Qi10,50000,Qi10UY67361,2026-06-10 0:00
Qi10,50000,Qi10WX29730,2026-06-10 0:00
Qi10,50000,Qi10QY44854,2026-06-10 0:00
Qi10,50000,Qi10UP35944,2026-06-10 0:00
Qi10,50000,Qi10WZ15015,2026-06-10 0:00
Qi10,50000,Qi10PW59251,2026-06-10 0:00
Qi10,50000,Qi10YJ18052,2026-06-10 0:00
Qi10,50000,Qi10VW39932,2026-06-10 0:00
Qi10,50000,Qi10PC72634,2026-06-10 0:00
Qi10,50000,Qi10XF4057,2026-06-10 0:00
Qi10,50000,Qi10XE81870,2026-06-10 0:00
Qi10,50000,Qi10KQ91119,2026-06-10 0:00
Qi10,50000,Qi10KQ98443,2026-06-10 0:00
Qi10,50000,Qi10LX27312,2026-06-10 0:00
Qi10,50000,Qi10VH39236,2026-06-10 0:00
Qi10,50000,Qi10UU17382,2026-06-10 0:00
Qi10,50000,Qi10HV51163,2026-06-10 0:00
Qi10,50000,Qi10PM70312,2026-06-10 0:00
Qi10,50000,Qi10NE47308,2026-06-10 0:00
Qi10,50000,Qi10YK38197,2026-06-10 0:00
Qi10,50000,Qi10BO60244,2026-06-10 0:00
Qi10,50000,Qi10OQ14959,2026-06-10 0:00
Qi10,50000,Qi10CK20189,2026-06-10 0:00
Qi10,50000,Qi10KG90129,2026-06-10 0:00
Qi10,50000,Qi10SA846,2026-06-10 0:00
Qi10,50000,Qi10NH21762,2026-06-10 0:00
Qi10,50000,Qi10GE74015,2026-06-10 0:00
Qi10,50000,Qi10DO74491,2026-06-10 0:00
Qi10,50000,Qi10RE14048,2026-06-10 0:00
Qi10,50000,Qi10MH38348,2026-06-10 0:00
Qi10,50000,Qi10KI50435,2026-06-10 0:00
Qi10,50000,Qi10LD21924,2026-06-10 0:00
Qi10,50000,Qi10IJ92274,2026-06-10 0:00
Qi10,50000,Qi10TH34237,2026-06-10 0:00
Qi10,50000,Qi10HZ20774,2026-06-10 0:00
Qi10,50000,Qi10VH52815,2026-06-10 0:00
Qi10,50000,Qi10AU73084,2026-06-10 0:00
Qi10,50000,Qi10XZ31509,2026-06-10 0:00
Qi10,50000,Qi10QF12037,2026-06-10 0:00
Qi10,50000,Qi10DO22072,2026-06-10 0:00
Qi10,50000,Qi10WG95445,2026-06-10 0:00
Qi10,50000,Qi10LG94865,2026-06-10 0:00
Qi10,50000,Qi10GP212,2026-06-10 0:00
Qi10,50000,Qi10KY38733,2026-06-10 0:00
Qi10,50000,Qi10GT97578,2026-06-10 0:00
Qi10,50000,Qi10NS27141,2026-06-10 0:00
Qi10,50000,Qi10DF7248,2026-06-10 0:00
Qi10,50000,Qi10JN94727,2026-06-10 0:00
Qi10,50000,Qi10JG26860,2026-06-10 0:00
Qi10,50000,Qi10IS49188,2026-06-10 0:00
Qi10,50000,Qi10BX77466,2026-06-10 0:00
Qi10,50000,Qi10OP50353,2026-06-10 0:00
Qi10,50000,Qi10CL9143,2026-06-10 0:00
Qi10,50000,Qi10AF73310,2026-06-10 0:00
Qi10,50000,Qi10GD1935,2026-06-10 0:00
Qi10,50000,Qi10UY40700,2026-06-10 0:00
Qi10,50000,Qi10LS15494,2026-06-10 0:00
Qi10,50000,Qi10IV6207,2026-06-10 0:00
Qi10,50000,Qi10RX92506,2026-06-10 0:00
Qi10,50000,Qi10RD75716,2026-06-10 0:00
Qi10,50000,Qi10BF41498,2026-06-10 0:00
Qi10,50000,Qi10HD67425,2026-06-10 0:00
Qi10,50000,Qi10PO6265,2026-06-10 0:00
Qi10,50000,Qi10SR40818,2026-06-10 0:00
Qi10,50000,Qi10GO50575,2026-06-10 0:00
Qi10,50000,Qi10XB65265,2026-06-10 0:00
Qi10,50000,Qi10DM21110,2026-06-10 0:00
Qi10,50000,Qi10YT19834,2026-06-10 0:00
Qi10,50000,Qi10XI24673,2026-06-10 0:00
Qi10,50000,Qi10AX17499,2026-06-10 0:00
Qi10,50000,Qi10RH3752,2026-06-10 0:00
Qi10,50000,Qi10AV31279,2026-06-10 0:00
Qi10,50000,Qi10DA57311,2026-06-10 0:00
Qi10,50000,Qi10CK8491,2026-06-10 0:00
Qi10,50000,Qi10AG89752,2026-06-10 0:00
Qi10,50000,Qi10PJ15346,2026-06-10 0:00
Qi10,50000,Qi10ML57665,2026-06-10 0:00
Qi10,50000,Qi10JG7244,2026-06-10 0:00
Qi10,50000,Qi10LM22430,2026-06-10 0:00
Qi10,50000,Qi10JZ56684,2026-06-10 0:00
Qi10,50000,Qi10UQ70388,2026-06-10 0:00
Qi10,50000,Qi10RE85264,2026-06-10 0:00
Qi10,50000,Qi10EB76371,2026-06-10 0:00
Qi10,50000,Qi10UM25398,2026-06-10 0:00
Qi10,50000,Qi10BD71705,2026-06-10 0:00
Qi10,50000,Qi10BB30499,2026-06-10 0:00
Qi10,50000,Qi10XW56607,2026-06-10 0:00
Qi10,50000,Qi10DL50927,2026-06-10 0:00
Qi10,50000,Qi10TV20099,2026-06-10 0:00
Qi10,50000,Qi10FJ29358,2026-06-10 0:00
Qi10,50000,Qi10IL49943,2026-06-10 0:00
Qi10,50000,Qi10IA40665,2026-06-10 0:00
Qi10,50000,Qi10PJ63330,2026-06-10 0:00
Qi10,50000,Qi10EB57727,2026-06-10 0:00
Qi10,50000,Qi10MN1258,2026-06-10 0:00
Qi10,50000,Qi10FN83133,2026-06-10 0:00
Qi10,50000,Qi10PR35121,2026-06-10 0:00
Qi10,50000,Qi10YQ4358,2026-06-10 0:00
Qi10,50000,Qi10II74716,2026-06-10 0:00
Qi10,50000,Qi10TW38035,2026-06-10 0:00
Qi10,50000,Qi10MV445,2026-06-10 0:00
Qi10,50000,Qi10HK33497,2026-06-10 0:00
Qi10,50000,Qi10TC68314,2026-06-10 0:00
Qi10,50000,Qi10LB48946,2026-06-10 0:00
Qi10,50000,Qi10IG72529,2026-06-10 0:00
Qi10,50000,Qi10FT60501,2026-06-10 0:00
Qi10,50000,Qi10GW74342,2026-06-10 0:00
Qi10,50000,Qi10VE89195,2026-06-10 0:00
Qi10,50000,Qi10CM85683,2026-06-10 0:00
Qi10,50000,Qi10OP32462,2026-06-10 0:00
Qi10,50000,Qi10MA37465,2026-06-10 0:00
Qi10,50000,Qi10PZ6614,2026-06-10 0:00
Qi10,50000,Qi10HS74791,2026-06-10 0:00
Qi10,50000,Qi10TO67699,2026-06-10 0:00
Qi10,50000,Qi10OQ95690,2026-06-10 0:00
Qi10,50000,Qi10BL58089,2026-06-10 0:00
Qi10,50000,Qi10NA19224,2026-06-10 0:00
Qi10,50000,Qi10IA31098,2026-06-10 0:00
Qi10,50000,Qi10DM64185,2026-06-10 0:00
Qi10,50000,Qi10VD70272,2026-06-10 0:00
Qi10,50000,Qi10MN8022,2026-06-10 0:00
Qi10,50000,Qi10AT7698,2026-06-10 0:00
Qi10,50000,Qi10GS13123,2026-06-10 0:00
Qi10,50000,Qi10SI55796,2026-06-10 0:00
Qi10,50000,Qi10AY70025,2026-06-10 0:00
Qi10,50000,Qi10SA41142,2026-06-10 0:00
Qi10,50000,Qi10GH17883,2026-06-10 0:00
Qi10,50000,Qi10BX19928,2026-06-10 0:00
Qi10,50000,Qi10WE41633,2026-06-10 0:00
Qi10,50000,Qi10BF99396,2026-06-10 0:00
Qi10,50000,Qi10OA28342,2026-06-10 0:00
Qi10,50000,Qi10AJ65660,2026-06-10 0:00
Qi10,50000,Qi10JT43785,2026-06-10 0:00
Qi10,50000,Qi10IO56130,2026-06-10 0:00
Qi10,50000,Qi10PA33367,2026-06-10 0:00
Qi10,50000,Qi10EC5641,2026-06-10 0:00
Qi10,50000,Qi10HI97504,2026-06-10 0:00
Qi10,50000,Qi10ES18926,2026-06-10 0:00
Qi10,50000,Qi10HG53940,2026-06-10 0:00
Qi10,50000,Qi10PP13850,2026-06-10 0:00
Qi10,50000,Qi10GZ53528,2026-06-10 0:00
Qi10,50000,Qi10QE34013,2026-06-10 0:00
Qi10,50000,Qi10FF31011,2026-06-10 0:00
Qi10,50000,Qi10LQ96926,2026-06-10 0:00
Qi10,50000,Qi10RC65124,2026-06-10 0:00
Qi10,50000,Qi10NB51967,2026-06-10 0:00
Qi10,50000,Qi10CL8090,2026-06-10 0:00
Qi10,50000,Qi10RZ85817,2026-06-10 0:00
Qi10,50000,Qi10GO87345,2026-06-10 0:00
Qi10,50000,Qi10AV9754,2026-06-10 0:00
Qi10,50000,Qi10DO26338,2026-06-10 0:00
Qi10,50000,Qi10BP45077,2026-06-10 0:00
Qi10,50000,Qi10RI95457,2026-06-10 0:00
Qi10,50000,Qi10QI95435,2026-06-10 0:00
Qi10,50000,Qi10TM65201,2026-06-10 0:00
Qi10,50000,Qi10QW90574,2026-06-10 0:00
Qi10,50000,Qi10HY68097,2026-06-10 0:00
Qi10,50000,Qi10TE88794,2026-06-10 0:00
Qi10,50000,Qi10LE95741,2026-06-10 0:00
Qi10,50000,Qi10MB3574,2026-06-10 0:00
Qi10,50000,Qi10LY29355,2026-06-10 0:00
Qi10,50000,Qi10IE76964,2026-06-10 0:00
Qi10,50000,Qi10QV10595,2026-06-10 0:00
Qi10,50000,Qi10HZ99058,2026-06-10 0:00
Qi10,50000,Qi10QP42845,2026-06-10 0:00
Qi10,50000,Qi10PV27782,2026-06-10 0:00
Qi10,50000,Qi10AC18306,2026-06-10 0:00
Qi10,50000,Qi10UQ18930,2026-06-10 0:00
Qi10,50000,Qi10YD81015,2026-06-10 0:00
Qi10,50000,Qi10NQ27124,2026-06-10 0:00
Qi10,50000,Qi10BI68927,2026-06-10 0:00
Qi10,50000,Qi10BW77697,2026-06-10 0:00
Qi10,50000,Qi10SC82659,2026-06-10 0:00
Qi10,50000,Qi10SU66939,2026-06-10 0:00
Qi10,50000,Qi10KT76767,2026-06-10 0:00
Qi10,50000,Qi10VM18044,2026-06-10 0:00
Qi10,50000,Qi10CP12782,2026-06-10 0:00
Qi10,50000,Qi10VE97640,2026-06-10 0:00
Qi10,50000,Qi10IF15387,2026-06-10 0:00
Qi10,50000,Qi10VQ61185,2026-06-10 0:00
Qi10,50000,Qi10DD24633,2026-06-10 0:00
Qi10,50000,Qi10QS26765,2026-06-10 0:00
Qi10,50000,Qi10OP10761,2026-06-10 0:00
Qi10,50000,Qi10SI55626,2026-06-10 0:00
Qi10,50000,Qi10BE37651,2026-06-10 0:00
Qi10,50000,Qi10BT2853,2026-06-10 0:00
Qi10,50000,Qi10JQ12805,2026-06-10 0:00
Qi10,50000,Qi10NK25615,2026-06-10 0:00
Qi10,50000,Qi10HO37152,2026-06-10 0:00
Qi10,50000,Qi10UM48158,2026-06-10 0:00
Qi10,50000,Qi10GG21952,2026-06-10 0:00
Qi10,50000,Qi10EH79694,2026-06-10 0:00
Qi10,50000,Qi10HX85798,2026-06-10 0:00
Qi10,50000,Qi10VW32229,2026-06-10 0:00
Qi10,50000,Qi10PV15481,2026-06-10 0:00
Qi10,50000,Qi10AE75019,2026-06-10 0:00
Qi10,50000,Qi10EA4513,2026-06-10 0:00
Qi10,50000,Qi10LT30014,2026-06-10 0:00
Qi10,50000,Qi10HD32167,2026-06-10 0:00
Qi10,50000,Qi10MD41585,2026-06-10 0:00
Qi10,50000,Qi10PF37877,2026-06-10 0:00
Qi10,50000,Qi10KE37920,2026-06-10 0:00
Qi10,50000,Qi10KO44366,2026-06-10 0:00
Qi10,50000,Qi10RI24700,2026-06-10 0:00
Qi10,50000,Qi10DM543,2026-06-10 0:00
Qi10,50000,Qi10SM82894,2026-06-10 0:00
Qi10,50000,Qi10EO77400,2026-06-10 0:00
Qi10,50000,Qi10SO83648,2026-06-10 0:00
Qi10,50000,Qi10GI2464,2026-06-10 0:00
Qi10,50000,Qi10KX43965,2026-06-10 0:00
Qi10,50000,Qi10QZ40657,2026-06-10 0:00
Qi10,50000,Qi10ZA79844,2026-06-10 0:00
Qi10,50000,Qi10LF33915,2026-06-10 0:00
Qi10,50000,Qi10DS17492,2026-06-10 0:00
Qi10,50000,Qi10RU11396,2026-06-10 0:00
Qi10,50000,Qi10JU81591,2026-06-10 0:00
Qi10,50000,Qi10UX40300,2026-06-10 0:00
Qi10,50000,Qi10HX3491,2026-06-10 0:00
Qi10,50000,Qi10JC9363,2026-06-10 0:00
Qi10,50000,Qi10RN12080,2026-06-10 0:00
Qi10,50000,Qi10QG19147,2026-06-10 0:00
Qi10,50000,Qi10CM82635,2026-06-10 0:00
Qi10,50000,Qi10VE20149,2026-06-10 0:00
Qi10,50000,Qi10RE36044,2026-06-10 0:00
Qi10,50000,Qi10RM67941,2026-06-10 0:00
Qi10,50000,Qi10NR26249,2026-06-10 0:00
Qi10,50000,Qi10OY86375,2026-06-10 0:00
Qi10,50000,Qi10IR21265,2026-06-10 0:00
Qi10,50000,Qi10QH13283,2026-06-10 0:00
Qi10,50000,Qi10BQ97722,2026-06-10 0:00
Qi10,50000,Qi10AM12483,2026-06-10 0:00
Qi10,50000,Qi10VH63052,2026-06-10 0:00
Qi10,50000,Qi10UP89640,2026-06-10 0:00
Qi10,50000,Qi10NI31185,2026-06-10 0:00
Qi10,50000,Qi10DQ32454,2026-06-10 0:00
Qi10,50000,Qi10MV52300,2026-06-10 0:00
Qi10,50000,Qi10SJ52034,2026-06-10 0:00
Qi10,50000,Qi10IG85877,2026-06-10 0:00
Qi10,50000,Qi10ZO54632,2026-06-10 0:00
Qi10,50000,Qi10IB61255,2026-06-10 0:00
Qi10,50000,Qi10OM29035,2026-06-10 0:00
Qi10,50000,Qi10SU78185,2026-06-10 0:00
Qi10,50000,Qi10KL71454,2026-06-10 0:00
Qi10,50000,Qi10BF58600,2026-06-10 0:00
Qi10,50000,Qi10GH92312,2026-06-10 0:00
Qi10,50000,Qi10RW86552,2026-06-10 0:00
Qi10,50000,Qi10QG59699,2026-06-10 0:00
Qi10,50000,Qi10NX81387,2026-06-10 0:00
Qi10,50000,Qi10YP70765,2026-06-10 0:00
Qi10,50000,Qi10QY75268,2026-06-10 0:00
Qi10,50000,Qi10CR91545,2026-06-10 0:00
Qi10,50000,Qi10AQ25763,2026-06-10 0:00
Qi10,50000,Qi10WR38233,2026-06-10 0:00
Qi10,50000,Qi10BA13011,2026-06-10 0:00
Qi10,50000,Qi10FW99480,2026-06-10 0:00
Qi10,50000,Qi10XA17552,2026-06-10 0:00
Qi10,50000,Qi10IO98189,2026-06-10 0:00
Qi10,50000,Qi10ZK64313,2026-06-10 0:00
Qi10,50000,Qi10RJ79693,2026-06-10 0:00
Qi10,50000,Qi10IY31552,2026-06-10 0:00
Qi10,50000,Qi10EH12676,2026-06-10 0:00
Qi10,50000,Qi10XM14647,2026-06-10 0:00
Qi10,50000,Qi10JD8905,2026-06-10 0:00
Qi10,50000,Qi10RT2081,2026-06-10 0:00
Qi10,50000,Qi10VO24818,2026-06-10 0:00
Qi10,50000,Qi10TS66046,2026-06-10 0:00
Qi10,50000,Qi10RX66664,2026-06-10 0:00
Qi10,50000,Qi10EQ50003,2026-06-10 0:00
Qi10,50000,Qi10ZE92930,2026-06-10 0:00
Qi10,50000,Qi10RV54566,2026-06-10 0:00
Qi10,50000,Qi10YS31566,2026-06-10 0:00
Qi10,50000,Qi10UX52747,2026-06-10 0:00
Qi10,50000,Qi10CR66981,2026-06-10 0:00
Qi10,50000,Qi10OB18942,2026-06-10 0:00
Qi10,50000,Qi10CR6979,2026-06-10 0:00
Qi10,50000,Qi10EC81971,2026-06-10 0:00
Qi10,50000,Qi10IH69880,2026-06-10 0:00
Qi10,50000,Qi10UB12611,2026-06-10 0:00
Qi10,50000,Qi10KB94436,2026-06-10 0:00
Qi10,50000,Qi10DA95583,2026-06-10 0:00
Qi10,50000,Qi10PL35360,2026-06-10 0:00
Qi10,50000,Qi10BB48246,2026-06-10 0:00
Qi10,50000,Qi10EA65123,2026-06-10 0:00
Qi10,50000,Qi10PI82196,2026-06-10 0:00
Qi10,50000,Qi10EN44061,2026-06-10 0:00
Qi10,50000,Qi10CM39650,2026-06-10 0:00
Qi10,50000,Qi10LH64291,2026-06-10 0:00
Qi10,50000,Qi10BR17897,2026-06-10 0:00
Qi10,50000,Qi10BS77993,2026-06-10 0:00
Qi10,50000,Qi10YC16247,2026-06-10 0:00
Qi10,50000,Qi10GD90378,2026-06-10 0:00
Qi10,50000,Qi10AF46211,2026-06-10 0:00
Qi10,50000,Qi10TV93551,2026-06-10 0:00
Qi10,50000,Qi10NS74862,2026-06-10 0:00
Qi10,50000,Qi10DG10543,2026-06-10 0:00
Qi10,50000,Qi10BE8880,2026-06-10 0:00
Qi10,50000,Qi10DC54914,2026-06-10 0:00
Qi10,50000,Qi10KN60786,2026-06-10 0:00
Qi10,50000,Qi10ZJ53321,2026-06-10 0:00
Qi10,50000,Qi10LB67532,2026-06-10 0:00
Qi10,50000,Qi10CF45931,2026-06-10 0:00
Qi10,50000,Qi10JC23229,2026-06-10 0:00
Qi10,50000,Qi10DS40276,2026-06-10 0:00
Qi10,50000,Qi10WG8685,2026-06-10 0:00
Qi10,50000,Qi10HH25142,2026-06-10 0:00
Qi10,50000,Qi10HQ24243,2026-06-10 0:00
Qi10,50000,Qi10AY80862,2026-06-10 0:00
Qi10,50000,Qi10XJ87992,2026-06-10 0:00
Qi10,50000,Qi10JG87401,2026-06-10 0:00
Qi10,50000,Qi10JN84950,2026-06-10 0:00
Qi10,50000,Qi10HM56713,2026-06-10 0:00
Qi10,50000,Qi10WO24157,2026-06-10 0:00
Qi10,50000,Qi10NK54734,2026-06-10 0:00
Qi10,50000,Qi10GZ69311,2026-06-10 0:00
Qi10,50000,Qi10MW85007,2026-06-10 0:00